address,name,confidence,evidence,pass
00100000,crt_entry_point,HIGH,first TEXT word (process entry); calls init routines then svc ExitProcess,S1-library
00100024,crt_zero_startup_region,HIGH,zero-fills the word range between two literal-pool pointers (startup BSS clear),S1-library
00103f00,open_fs_user_session,MEDIUM,"passes the service name ""fs:USER"" to the service-session open routine",S2-anchors
0016b9fc,get_char_at_0x38c,HIGH,single load: return *(char*)(param_1+0x38c),S1-library
001797dc,get_uint_at_0x1af0,HIGH,single load: return *(uint*)(param_1+0x1af0),S1-library
00192124,get_char_at_0x3f9,HIGH,single load: return *(char*)(param_1+0x3f9),S1-library
0019bbbc,get_uint_at_8_0019bbbc,HIGH,single load: return *(uint*)(param_1+8),S1-library
001a1d3c,set_byte_at_0x1348,HIGH,single store: *(byte*)(param_1+0x1348)=param_2,S1-library
001a334c,get_uint_at_0x3fc0,HIGH,single load: return *(uint*)(param_1+0x3fc0),S1-library
001a3358,get_uint_at_0x3fbc,HIGH,single load: return *(uint*)(param_1+0x3fbc),S1-library
001ac210,get_char_at_0xd4,HIGH,single load: return *(char*)(param_1+0xd4),S1-library
001cef38,set_uint_at_0x290,HIGH,single store: *(uint*)(param_1+0x290)=param_2,S1-library
001e0be4,get_uint_at_0x148,HIGH,single load: return *(uint*)(param_1+0x148),S1-library
001e8b14,set_ushort_at_0x34,HIGH,single store: *(ushort*)(param_1+0x34)=param_2,S1-library
001e8d28,set_byte_at_0x38,HIGH,single store: *(byte*)(param_1+0x38)=param_2,S1-library
001facbc,nlib_exi_ExiDecoder_cpp_001facbc,MEDIUM,references its own source path d:\cibuild\nlib\exi\...\ExiDecoder.cpp (assert/log macro __FILE__),S2-anchors
001fadc8,nlib_exi_ExiDecoder_cpp_001fadc8,MEDIUM,references its own source path d:\cibuild\nlib\exi\...\ExiDecoder.cpp (assert/log macro __FILE__),S2-anchors
001fb064,nlib_exi_ExiDecoder_cpp_001fb064,MEDIUM,references its own source path d:\cibuild\nlib\exi\...\ExiDecoder.cpp (assert/log macro __FILE__),S2-anchors
001fb18c,nlib_exi_ExiDecoder_cpp_001fb18c,MEDIUM,references its own source path d:\cibuild\nlib\exi\...\ExiDecoder.cpp (assert/log macro __FILE__),S2-anchors
001fb248,nlib_exi_ExiDecoder_cpp_001fb248,MEDIUM,references its own source path d:\cibuild\nlib\exi\...\ExiDecoder.cpp (assert/log macro __FILE__),S2-anchors
001fb54c,nlib_exi_ExiDecoder_cpp_001fb54c,MEDIUM,references its own source path d:\cibuild\nlib\exi\...\ExiDecoder.cpp (assert/log macro __FILE__),S2-anchors
001fb754,nlib_exi_ExiDecoder_cpp_001fb754,MEDIUM,references its own source path d:\cibuild\nlib\exi\...\ExiDecoder.cpp (assert/log macro __FILE__),S2-anchors
001fb878,nlib_exi_ExiDecoder_cpp_001fb878,MEDIUM,references its own source path d:\cibuild\nlib\exi\...\ExiDecoder.cpp (assert/log macro __FILE__),S2-anchors
001fc55c,get_uint_at_0x20_001fc55c,HIGH,single load: return *(uint*)(param_1+0x20),S1-library
001fd4fc,nlib_exi_XmlExiStreamReader_cpp_001fd4fc,MEDIUM,references its own source path d:\cibuild\nlib\exi\...\XmlExiStreamReader.cpp (assert/log macro __FILE__),S2-anchors
001fde80,nlib_exi_XmlStreamReaderInline_h_001fde80,MEDIUM,references its own source path d:\cibuild\nlib\exi\...\XmlStreamReaderInline.h (assert/log macro __FILE__),S2-anchors
001fe0d0,nlib_exi_XmlExiStreamReader_cpp_001fe0d0,MEDIUM,references its own source path d:\cibuild\nlib\exi\...\XmlExiStreamReader.cpp (assert/log macro __FILE__),S2-anchors
001fe6c4,nlib_exi_XmlStreamReaderInline_h_001fe6c4,MEDIUM,references its own source path d:\cibuild\nlib\exi\...\XmlStreamReaderInline.h (assert/log macro __FILE__),S2-anchors
001ff3fc,nlib_exi_ExiCoder_cpp_001ff3fc,MEDIUM,references its own source path d:\cibuild\nlib\exi\...\ExiCoder.cpp (assert/log macro __FILE__),S2-anchors
001ff504,nlib_exi_ExiCoder_cpp_001ff504,MEDIUM,references its own source path d:\cibuild\nlib\exi\...\ExiCoder.cpp (assert/log macro __FILE__),S2-anchors
001ffe64,nlib_exi_TextDecoder_cpp_001ffe64,MEDIUM,references its own source path d:\cibuild\nlib\exi\...\TextDecoder.cpp (assert/log macro __FILE__),S2-anchors
00200000,nlib_exi_TextDecoder_cpp_00200000,MEDIUM,references its own source path d:\cibuild\nlib\exi\...\TextDecoder.cpp (assert/log macro __FILE__),S2-anchors
0020018c,nlib_exi_TextDecoder_cpp_0020018c,MEDIUM,references its own source path d:\cibuild\nlib\exi\...\TextDecoder.cpp (assert/log macro __FILE__),S2-anchors
00200ad4,nlib_exi_TextDecoder_cpp_00200ad4,MEDIUM,references its own source path d:\cibuild\nlib\exi\...\TextDecoder.cpp (assert/log macro __FILE__),S2-anchors
00201010,nlib_exi_TextDecoder_cpp_00201010,MEDIUM,references its own source path d:\cibuild\nlib\exi\...\TextDecoder.cpp (assert/log macro __FILE__),S2-anchors
002016f0,nlib_exi_TextDecoder_cpp_002016f0,MEDIUM,references its own source path d:\cibuild\nlib\exi\...\TextDecoder.cpp (assert/log macro __FILE__),S2-anchors
00202000,nlib_exi_TextDecoder_cpp_00202000,MEDIUM,references its own source path d:\cibuild\nlib\exi\...\TextDecoder.cpp (assert/log macro __FILE__),S2-anchors
00202abc,nlib_exi_XmlStreamReaderInline_h_00202abc,MEDIUM,references its own source path d:\cibuild\nlib\exi\...\XmlStreamReaderInline.h (assert/log macro __FILE__),S2-anchors
00202b74,nlib_exi_XmlTextStreamReader_cpp_00202b74,MEDIUM,references its own source path d:\cibuild\nlib\exi\...\XmlTextStreamReader.cpp (assert/log macro __FILE__),S2-anchors
00202e98,nlib_exi_XmlStreamReaderInline_h_00202e98,MEDIUM,references its own source path d:\cibuild\nlib\exi\...\XmlStreamReaderInline.h (assert/log macro __FILE__),S2-anchors
00207624,build_npns_api_url,MEDIUM,formats https://%c-npns.app.nintendo.net/api/v1/,S2-anchors
00212c50,set_byte_at_0x20,HIGH,single store: *(byte*)(param_1+0x20)=param_2,S1-library
0021d790,get_uint_at_0x0,HIGH,single load of *(uint*)param_1,S1-library
0021d7a0,get_char_at_0x20,HIGH,single load: return *(char*)(param_1+0x20),S1-library
00221f84,get_uint_at_0x3fc4,HIGH,single load: return *(uint*)(param_1+0x3fc4),S1-library
00221f90,get_uint_at_0x3fb8,HIGH,single load: return *(uint*)(param_1+0x3fb8),S1-library
00223dc8,build_url_ninja_ws_ID_tax_locations,MEDIUM,"snprintf with the only service format ""%s/ninja/ws/%s/tax_locations?lang=%s&shop_id=1&_type=json""; builds the request URL for that endpoint",S2-strings
00227aac,build_url_ninja_ws_my_transaction_ID_receipt,MEDIUM,"snprintf with the only service format ""%s/ninja/ws/my/transaction/%llu/receipt?shop_id=1&_type=json""; builds the request URL for that endpoint",S2-strings
00227c54,build_url_samurai_ws_ID_titles,MEDIUM,"snprintf with the only service format ""%s/samurai/ws/%s/titles?lang=%s&shop_id=1&_type=json""; builds the request URL for that endpoint",S2-strings
0022ae24,shop_list_titles,MEDIUM,"trace log ""Shop::ListTitles();""",S2-anchors
0022b7c0,shop_log_failure_reason,MEDIUM,"maps NIM failure kinds to log text (Need System Update, Server is under Maintainance, Invalid Country...)",S2-anchors
0022f2e8,strstr,HIGH,"nested NUL-terminated scan: returns pointer to first occurrence of needle (param_2) in haystack (param_1), 0 if none",S1-library
00230088,shop_log_download_failure_reason,MEDIUM,"same failure-text mapping plus download-specific cases (Title Already Downloaded, Task Already Exists)",S2-anchors
002309a8,shop_download_dtl,MEDIUM,"logs ""DTL downloaded successfully."" / ""DTL download failure""",S2-anchors
00230d18,npns_register_device,MEDIUM,"log text ""Register device to NPNS..."" plus nn::npns::RegisterDeviceRequest error strings in the same function",S2-anchors
0023400c,get_uint_at_0x30,HIGH,single load: return *(uint*)(param_1+0x30),S1-library
002349fc,get_char_at_0x144,HIGH,single load: return *(char*)(param_1+0x144),S1-library
00235ef4,title_set_tag_and_external_seed,MEDIUM,logs SetTitleTag() / SetExternalSeed() / ExternalSeed already exists,S2-anchors
00246bdc,get_uint_at_4_00246bdc,HIGH,single load: return *(uint*)(param_1+4),S1-library
00256f40,nlib_exi_ExiCoder_cpp_00256f40,MEDIUM,references its own source path d:\cibuild\nlib\exi\...\ExiCoder.cpp (assert/log macro __FILE__),S2-anchors
0025809c,nlib_exi_ExiCoder_h_0025809c,MEDIUM,references its own source path d:\cibuild\nlib\exi\...\ExiCoder.h (assert/log macro __FILE__),S2-anchors
0025837c,nlib_exi_ExiString_cpp_0025837c,MEDIUM,references its own source path d:\cibuild\nlib\exi\...\ExiString.cpp (assert/log macro __FILE__),S2-anchors
00258964,nlib_exi_BitByteStreamReader_h_00258964,MEDIUM,references its own source path d:\cibuild\nlib\exi\...\BitByteStreamReader.h (assert/log macro __FILE__),S2-anchors
00258a24,nlib_exi_ExiString_cpp_00258a24,MEDIUM,references its own source path d:\cibuild\nlib\exi\...\ExiString.cpp (assert/log macro __FILE__),S2-anchors
002591b8,nlib_exi_BitByteStreamReader_cpp_002591b8,MEDIUM,references its own source path d:\cibuild\nlib\exi\...\BitByteStreamReader.cpp (assert/log macro __FILE__),S2-anchors
0025ade4,nlib_exi_BitByteStreamReader_cpp_0025ade4,MEDIUM,references its own source path d:\cibuild\nlib\exi\...\BitByteStreamReader.cpp (assert/log macro __FILE__),S2-anchors
0025b468,nlib_exi_BitByteStreamReader_h_0025b468,MEDIUM,references its own source path d:\cibuild\nlib\exi\...\BitByteStreamReader.h (assert/log macro __FILE__),S2-anchors
00262274,build_url_ninja_ws_my_wishlist_ID_delete,MEDIUM,"snprintf with the only service format ""%s/ninja/ws/my/wishlist/%llu/!delete?shop_id=1&_type=json""; builds the request URL for that endpoint",S2-strings
00262310,build_url_ninja_ws_my_wishlist_put,MEDIUM,"snprintf with the only service format ""%s/ninja/ws/my/wishlist/!put?shop_id=1&_type=json""; builds the request URL for that endpoint",S2-strings
002648b0,get_char_at_0x40a,HIGH,single load: return *(char*)(param_1+0x40a),S1-library
002687d8,get_char_at_0x295,HIGH,single load: return *(char*)(param_1+0x295),S1-library
002687e4,set_byte_at_0x294,HIGH,single store: *(byte*)(param_1+0x294)=param_2,S1-library
0026a218,get_char_at_0x38,HIGH,single load: return *(char*)(param_1+0x38),S1-library
00271000,get_uint_at_0x249c_00271000,HIGH,single load: return *(uint*)(param_1+0x249c),S1-library
00272284,get_uint_at_0x2e50,HIGH,single load: return *(uint*)(param_1+0x2e50),S1-library
00272458,get_uint_at_0x249c_00272458,HIGH,single load: return *(uint*)(param_1+0x249c),S1-library
002747e4,snprintf,HIGH,"varargs: (buf,size,fmt,...) -> end=buf+size-1, formatted by core routine; callers pass literal format strings (%s, %llu ...)",S1-library
0027c8e4,get_uint_at_0x21b0,HIGH,single load: return *(uint*)(param_1+0x21b0),S1-library
0027d570,get_uint_at_0x1f38,HIGH,single load: return *(uint*)(param_1+0x1f38),S1-library
00283670,get_char_at_0x3c9,HIGH,single load: return *(char*)(param_1+0x3c9),S1-library
002838a4,set_uint_at_0x3fc4,HIGH,single store: *(uint*)(param_1+0x3fc4)=param_2,S1-library
002892ec,get_uint_at_0x1f2c,HIGH,single load: return *(uint*)(param_1+0x1f2c),S1-library
0028d04c,set_byte_at_0xd,HIGH,single store: *(byte*)(param_1+0xd)=param_2,S1-library
0028f14c,get_char_at_0x3c0,HIGH,single load: return *(char*)(param_1+0x3c0),S1-library
00293e34,get_char_at_0x2d4,HIGH,single load: return *(char*)(param_1+0x2d4),S1-library
002958f4,get_uint_at_0x210c,HIGH,single load: return *(uint*)(param_1+0x210c),S1-library
00299c28,get_uint_at_0x20_00299c28,HIGH,single load: return *(uint*)(param_1+0x20),S1-library
0029e4e4,memcmp_thunk,MEDIUM,forwarding wrapper: only tail-calls memcmp,S9-propagate
0029e4f0,memcmp,HIGH,"compares word-wise then byte-wise for count bytes, returns first byte difference",S1-library
002a0964,strlen16,HIGH,counts nonzero 16-bit units (UTF-16 style length),S1-library
002a783c,once_guard_acquire,HIGH,if *p==0 {*p=1; return 1} else return 0 (non-atomic once-flag),S1-library
002a8eac,heap_alloc_checked,MEDIUM,"calls allocator object (DAT_003e25a0) vtable slot 0x1c with (size, 4); calls an error handler if null; 84 callers",S1-library
002a8ef8,heap_free_nullable,MEDIUM,null guard then allocator object vtable slot 0x24 (free),S1-library
002a8f1c,strcpy,HIGH,copies bytes (word fast-path with zero-byte test) through the first NUL; dest returned unchanged,S1-library
002a8f84,heap_alloc_wrapper,MEDIUM,forwards to heap_alloc_retry,S1-library
002a8f8c,strlen,HIGH,"NUL scan (byte loop to alignment, then word loop using uqsub8 zero-byte test) returning distance; 172 callers",S1-library
002a9080,heap_alloc_retry,MEDIUM,"maps size 0 to 1 and loops on heap_alloc_checked until non-null, invoking a failure handler in between (operator new shape)",S1-library
002b0020,get_uint_at_0xc_002b0020,HIGH,single load: return *(uint*)(param_1+0xc),S1-library
002b20ac,get_uint_at_0xc_002b20ac,HIGH,single load: return *(uint*)(param_1+0xc),S1-library
002b2438,get_uint_at_0x1c_002b2438,HIGH,single load: return *(uint*)(param_1+0x1c),S1-library
002b3194,get_uint_at_0xc_002b3194,HIGH,single load: return *(uint*)(param_1+0xc),S1-library
002b5664,get_uint_at_0x1c_002b5664,HIGH,single load: return *(uint*)(param_1+0x1c),S1-library
002b6cc0,get_uint_at_0x1c_002b6cc0,HIGH,single load: return *(uint*)(param_1+0x1c),S1-library
002d494c,set_byte_at_0x83,HIGH,single store: *(byte*)(param_1+0x83)=param_2,S1-library
002d4954,set_byte_at_0xf4,HIGH,single store: *(byte*)(param_1+0xf4)=param_2,S1-library
002d4b38,set_byte_at_0xf0,HIGH,single store: *(byte*)(param_1+0xf0)=param_2,S1-library
002e7c90,set_byte_at_0x38c,HIGH,single store: *(byte*)(param_1+0x38c)=param_2,S1-library
002e7ca0,set_uint_at_0x39c,HIGH,single store: *(uint*)(param_1+0x39c)=param_2,S1-library
002e8394,set_byte_at_0x3c9,HIGH,single store: *(byte*)(param_1+0x3c9)=param_2,S1-library
002f1838,set_uint_at_0xd4,HIGH,single store: *(uint*)(param_1+0xd4)=param_2,S1-library
002f1850,set_uint_at_0xd0,HIGH,single store: *(uint*)(param_1+0xd0)=param_2,S1-library
003017f8,set_byte_at_0x338,HIGH,single store: *(byte*)(param_1+0x338)=param_2,S1-library
00308374,set_uint_at_0x48,HIGH,single store: *(uint*)(param_1+0x48)=param_2,S1-library
003085fc,set_byte_at_0x59,HIGH,single store: *(byte*)(param_1+0x59)=param_2,S1-library
00309a9c,get_uint_at_0x38_00309a9c,HIGH,single load: return *(uint*)(param_1+0x38),S1-library
0030f5c0,parse_playable_date,MEDIUM,logs PARSE/GET PLAYABLE DATE FAILED,S2-anchors
003184a0,get_uint_at_0x18_003184a0,HIGH,single load: return *(uint*)(param_1+0x18),S1-library
00319560,npns_unregister_device,MEDIUM,"log text ""Unregister device from NPNS..."" plus UnregisterDeviceRequest error strings",S2-anchors
0031ca64,get_uint_at_0x20_0031ca64,HIGH,single load: return *(uint*)(param_1+0x20),S1-library
0031cc48,get_uint_at_0x34,HIGH,single load: return *(uint*)(param_1+0x34),S1-library
0031edfc,build_url_ninja_ws_service_hosts,MEDIUM,"snprintf with the only service format ""%s/ninja/ws/service_hosts?country=%s&lang=%s&shop_id=1&_type=json""; builds the request URL for that endpoint",S2-strings
0031ee60,build_url_ninja_ws_ID_title_ID_ec_info_0031ee60,MEDIUM,"snprintf with the only service format ""%s/ninja/ws/%s/title/%llu/ec_info?shop_id=1&lang=%s&_type=json""; builds the request URL for that endpoint",S2-strings
0031ef18,build_url_ninja_ws_my_wishlist_notice,MEDIUM,"snprintf with the only service format ""%s/ninja/ws/my/wishlist/notice?shop_id=1&_type=json""; builds the request URL for that endpoint",S2-strings
0031ef9c,build_url_ninja_ws_ID_title_ID_redeem,MEDIUM,"snprintf with the only service format ""%s/ninja/ws/%s/title/%014llu/!redeem?shop_id=1&_type=json""; builds the request URL for that endpoint",S2-strings
0031f0bc,build_url_samurai_ws_ID_news,MEDIUM,"snprintf with the only service format ""%s/samurai/ws/%s/news?lang=%s&shop_id=1&_type=json""; builds the request URL for that endpoint",S2-strings
0031f150,build_url_ninja_ws_my_balance_current,MEDIUM,"snprintf with the only service format ""%s/ninja/ws/my/balance/current?shop_id=1&_type=json""; builds the request URL for that endpoint",S2-strings
0031f1d4,build_url_ninja_ws_country_ID,MEDIUM,"snprintf with the only service format ""%s/ninja/ws/country/%s?lang=%s&shop_id=1&_type=json""; builds the request URL for that endpoint",S2-strings
0031f268,build_url_ninja_ws_my_account_ctr_migrate_without_nna,MEDIUM,"snprintf with the only service format ""%s/ninja/ws/my/account/ctr/!migrate_without_nna?shop_id=1&_type=json""; builds the request URL for that endpoint",S2-strings
0031f2bc,build_url_ninja_ws_ID_title_ID_ec_info_0031f2bc,MEDIUM,"snprintf with the only service format ""%s/ninja/ws/%s/title/%llu/ec_info?lang=%s&shop_id=1&_type=json""; builds the request URL for that endpoint",S2-strings
0031f374,build_url_samurai_layout_rating_info_ID_ID_layout,MEDIUM,"snprintf with the only service format ""%s/samurai/layout/rating_info/%d_%s.layout""; builds the request URL for that endpoint",S2-strings
0031f400,build_url_ninja_ws_ID_title_ID_purchase,MEDIUM,"snprintf with the only service format ""%s/ninja/ws/%s/title/%llu/!purchase?shop_id=1&_type=json""; builds the request URL for that endpoint",S2-strings
0031f58c,build_url_samurai_ws_ID_telops,MEDIUM,"snprintf with the only service format ""%s/samurai/ws/%s/telops?lang=%s&shop_id=1&_type=json""; builds the request URL for that endpoint",S2-strings
0031f624,build_url_ninja_ws_my_wishlist_notice_ack,MEDIUM,"snprintf with the only service format ""%s/ninja/ws/my/wishlist/notice/!ack?shop_id=1&_type=json""; builds the request URL for that endpoint",S2-strings
0031f6b0,build_url_samurai_ws_ID_ranking_ID,MEDIUM,"snprintf with the only service format ""%s/samurai/ws/%s/ranking/%u?shop_id=1&limit=%u&offset=%u&lang=%s&_t...""; builds the request URL for that endpoint",S2-strings
0031f79c,build_url_ninja_ws_my_credit_card,MEDIUM,"snprintf with the only service format ""%s/ninja/ws/my/credit_card/?shop_id=1&_type=json""; builds the request URL for that endpoint",S2-strings
0031f820,build_url_ninja_ws_my_npns_status,MEDIUM,"snprintf with the only service format ""%s/ninja/ws/my/npns_status?shop_id=1&_type=json""; builds the request URL for that endpoint",S2-strings
0031f8a0,build_url_ninja_ws_my_language,MEDIUM,"snprintf with the only service format ""%s/ninja/ws/my/language?shop_id=1&_type=json""; builds the request URL for that endpoint",S2-strings
0031f920,build_url_ninja_ws_ID_coupon_check,MEDIUM,"snprintf with the only service format ""%s/ninja/ws/%s/coupon/!check?shop_id=1&_type=json""; builds the request URL for that endpoint",S2-strings
0031f9ac,build_url_ninja_ws_ID_movie_ID_play,MEDIUM,"snprintf with the only service format ""%s/ninja/ws/%s/movie/%llu/!play?shop_id=1""; builds the request URL for that endpoint",S2-strings
0031fb1c,build_url_ninja_ws_my_votes,MEDIUM,"snprintf with the only service format ""%s/ninja/ws/my/votes?shop_id=1&limit=%u&offset=%u&_type=json""; builds the request URL for that endpoint",S2-strings
0031fbbc,build_url_ninja_ws_my_session_open,MEDIUM,"snprintf with the only service format ""%s/ninja/ws/my/session/!open?_type=json""; builds the request URL for that endpoint",S2-strings
0031fc34,build_url_ninja_ws_my_tax_location,MEDIUM,"snprintf with the only service format ""%s/ninja/ws/my/tax_location?shop_id=1&_type=json""; builds the request URL for that endpoint",S2-strings
0031fdf4,build_url_samurai_ws_ID_languages,MEDIUM,"snprintf with the only service format ""%s/samurai/ws/%s/languages?lang=%s&shop_id=1&_type=json""; builds the request URL for that endpoint",S2-strings
0031fec4,build_url_ninja_ws_ID_titles_online_prices_0031fec4,MEDIUM,"snprintf with the only service format ""%s/ninja/ws/%s/titles/online_prices?title%%5B%%5D=%s&lang=%s&includ...""; builds the request URL for that endpoint",S2-strings
0031ff28,build_url_ninja_ws_my_owned_coupons_0031ff28,MEDIUM,"snprintf with the only service format ""%s/ninja/ws/my/owned_coupons?ns_uid=%llu&shop_id=1&_type=json""; builds the request URL for that endpoint",S2-strings
0031ffc8,build_url_ninja_ws_ID_title_public_status,MEDIUM,"snprintf with the only service format ""%s/ninja/ws/%s/title/public_status?lang=%s&shop_id=1&_type=json""; builds the request URL for that endpoint",S2-strings
00320104,build_url_ninja_ws_ID_demo_ID_purchase,MEDIUM,"snprintf with the only service format ""%s/ninja/ws/%s/demo/%llu/!purchase?shop_id=1&_type=json""; builds the request URL for that endpoint",S2-strings
003201a0,build_url_ninja_ws_my_votes_put,MEDIUM,"snprintf with the only service format ""%s/ninja/ws/my/votes/!put?shop_id=1&_type=json""; builds the request URL for that endpoint",S2-strings
00320220,build_url_ninja_ws_my_recommend_title,MEDIUM,"snprintf with the only service format ""%s/ninja/ws/my/recommend_title?directory_id=%llu&friend_code=%016ll...""; builds the request URL for that endpoint",S2-strings
00320298,build_url_ninja_ws_my_session_close,MEDIUM,"snprintf with the only service format ""%s/ninja/ws/my/session/!close?_type=json""; builds the request URL for that endpoint",S2-strings
00320314,build_url_ninja_ws_my_shared_titles,MEDIUM,"snprintf with the only service format ""%s/ninja/ws/my/shared_titles?limit=%u&offset=%u&shop_id=1&_type=json""; builds the request URL for that endpoint",S2-strings
00320378,build_url_ninja_ws_titles_id_pair,MEDIUM,"snprintf with the only service format ""%s/ninja/ws/titles/id_pair?lang=%s&title_id%%5B%%5D=%s""; builds the request URL for that endpoint",S2-strings
00320410,build_url_ninja_ws_my_transactions,MEDIUM,"snprintf with the only service format ""%s/ninja/ws/my/transactions?limit=%u&offset=%u&shop_id=1&_type=json""; builds the request URL for that endpoint",S2-strings
00320474,build_tagaya_versionlist_url,MEDIUM,selects between the production and dev tagaya version-list URLs,S2-anchors
00320598,build_url_ninja_ws_my_balance_current_cc_add,MEDIUM,"snprintf with the only service format ""%s/ninja/ws/my/balance/current/!cc_add?shop_id=1&_type=json""; builds the request URL for that endpoint",S2-strings
00320624,build_url_ninja_ws_my_votable_titles,MEDIUM,"snprintf with the only service format ""%s/ninja/ws/my/votable_titles?shop_id=1&limit=%u&offset=%u&_type=json""; builds the request URL for that endpoint",S2-strings
00320688,build_url_ninja_ws_my_wishlist_merge,MEDIUM,"snprintf with the only service format ""%s/ninja/ws/my/wishlist/!merge?shop_id=1&_type=json""; builds the request URL for that endpoint",S2-strings
0032070c,build_url_samurai_ws_ID_directories,MEDIUM,"snprintf with the only service format ""%s/samurai/ws/%s/directories?lang=%s&pattern=%s&shop_id=1&_type=json""; builds the request URL for that endpoint",S2-strings
0032078c,build_url_samurai_ws_ID_title_ID,MEDIUM,"snprintf with the only service format ""%s/samurai/ws/%s/title/%llu?lang=%s&shop_id=1&_type=json""; builds the request URL for that endpoint",S2-strings
00320840,build_url_samurai_ws_ID_movie_ID,MEDIUM,"snprintf with the only service format ""%s/samurai/ws/%s/movie/%llu?shop_id=1&lang=%s&_type=json""; builds the request URL for that endpoint",S2-strings
003208f4,build_url_samurai_ws_ID_rankings,MEDIUM,"snprintf with the only service format ""%s/samurai/ws/%s/rankings?shop_id=1&device=4&lang=%s&_type=json""; builds the request URL for that endpoint",S2-strings
00320994,build_url_samurai_ws_ID_genres,MEDIUM,"snprintf with the only service format ""%s/samurai/ws/%s/genres?lang=%s&shop_id=1&_type=json""; builds the request URL for that endpoint",S2-strings
00320a2c,build_url_ccif_services_credit_card_input,MEDIUM,"snprintf with the only service format ""%s/CCIF/services/credit_card/!input""; builds the request URL for that endpoint",S2-strings
00320aa0,build_url_ninja_ws_my_shared_title_ids,MEDIUM,"snprintf with the only service format ""%s/ninja/ws/my/shared_title_ids?shop_id=1&_type=json""; builds the request URL for that endpoint",S2-strings
00320b28,build_url_ninja_ws_my_tax_location_put,MEDIUM,"snprintf with the only service format ""%s/ninja/ws/my/tax_location/!put?shop_id=1&_type=json""; builds the request URL for that endpoint",S2-strings
00320bb0,build_url_ninja_ws_my_owned_coupons_00320bb0,MEDIUM,"snprintf with the only service format ""%s/ninja/ws/my/owned_coupons?shop_id=1&_type=json""; builds the request URL for that endpoint",S2-strings
00320c34,build_url_ninja_ws_my_votes_delete,MEDIUM,"snprintf with the only service format ""%s/ninja/ws/my/votes/!delete?shop_id=1&_type=json""; builds the request URL for that endpoint",S2-strings
00320cb8,build_url_ninja_ws_redeemable_card_check,MEDIUM,"snprintf with the only service format ""%s/ninja/ws/redeemable_card/!check?shop_id=1&_type=json""; builds the request URL for that endpoint",S2-strings
00320d40,build_url_samurai_ws_ID_title_ID_aocs,MEDIUM,"snprintf with the only service format ""%s/samurai/ws/%s/title/%014llu/aocs?lang=%s&shop_id=1&_type=json""; builds the request URL for that endpoint",S2-strings
00320dbc,build_url_samurai_ws_ID_contents,MEDIUM,"snprintf with the only service format ""%s/samurai/ws/%s/contents?lang=%s&shop_id=1&_type=json""; builds the request URL for that endpoint",S2-strings
00320e54,build_url_ninja_ws_my_abandoned_transaction_ID_receipt,MEDIUM,"snprintf with the only service format ""%s/ninja/ws/my/abandoned_transaction/%llu/receipt?tracing_transacti...""; builds the request URL for that endpoint",S2-strings
00320ecc,build_url_ninja_ws_my_auto_billing_plans,MEDIUM,"snprintf with the only service format ""%s/ninja/ws/my/auto_billing/plans?limit=%u&offset=%u&shop_id=1&_typ...""; builds the request URL for that endpoint",S2-strings
00320f30,build_url_ninja_ws_my_loyalty_account_link,MEDIUM,"snprintf with the only service format ""%s/ninja/ws/my/loyalty_account/!link?shop_id=1&_type=json""; builds the request URL for that endpoint",S2-strings
00320fbc,build_url_ninja_ws_my_credit_card_delete,MEDIUM,"snprintf with the only service format ""%s/ninja/ws/my/credit_card/!delete?shop_id=1&_type=json""; builds the request URL for that endpoint",S2-strings
00321044,build_url_ninja_ws_my_votes_migrate_ctr,MEDIUM,"snprintf with the only service format ""%s/ninja/ws/my/votes/!migrate_ctr?shop_id=1&_type=json""; builds the request URL for that endpoint",S2-strings
003210cc,build_url_ninja_ws_country_ID_replenish_amounts,MEDIUM,"snprintf with the only service format ""%s/ninja/ws/country/%s/replenish_amounts?lang=%s&shop_id=1&_type=json""; builds the request URL for that endpoint",S2-strings
00321130,build_url_samurai_ws_ID_searchcategory,MEDIUM,"snprintf with the only service format ""%s/samurai/ws/%s/searchcategory?lang=%s&shop_id=1&_type=json""; builds the request URL for that endpoint",S2-strings
003211d0,build_url_ninja_ws_my_auto_billing_ID_cancel,MEDIUM,"snprintf with the only service format ""%s/ninja/ws/my/auto_billing/%014llu/!cancel?shop_id=1&_type=json""; builds the request URL for that endpoint",S2-strings
00321234,build_url_ninja_ws_ID_titles_online_prices_00321234,MEDIUM,"snprintf with the only service format ""%s/ninja/ws/%s/titles/online_prices?title%%5B%%5D=%s&lang=%s&includ...""; builds the request URL for that endpoint",S2-strings
003212b0,build_url_ninja_ws_my_tax_location_delete,MEDIUM,"snprintf with the only service format ""%s/ninja/ws/my/tax_location/!delete?shop_id=1&_type=json""; builds the request URL for that endpoint",S2-strings
0032133c,build_url_samurai_ws_ID_publishers_contacts,MEDIUM,"snprintf with the only service format ""%s/samurai/ws/%s/publishers/contacts?shop_id=1&lang=%s&_type=json""; builds the request URL for that endpoint",S2-strings
003213a0,build_url_samurai_ws_ID_movies,MEDIUM,"snprintf with the only service format ""%s/samurai/ws/%s/movies?lang=%s&shop_id=1&_type=json""; builds the request URL for that endpoint",S2-strings
003219d0,build_url_samurai_ws_ID_publishers,MEDIUM,"snprintf with the only service format ""%s/samurai/ws/%s/publishers?lang=%s&shop_id=1&_type=json""; builds the request URL for that endpoint",S2-strings
00321a6c,build_url_ninja_ws_my_loyalty_account_unlink,MEDIUM,"snprintf with the only service format ""%s/ninja/ws/my/loyalty_account/!unlink?shop_id=1&_type=json""; builds the request URL for that endpoint",S2-strings
00321af8,build_url_ninja_ws_my_parental_control_put,MEDIUM,"snprintf with the only service format ""%s/ninja/ws/my/parental_control/!put?shop_id=1&_type=json""; builds the request URL for that endpoint",S2-strings
00321b84,build_url_ninja_ws_my_loyalty_account,MEDIUM,"snprintf with the only service format ""%s/ninja/ws/my/loyalty_account?shop_id=1&_type=json""; builds the request URL for that endpoint",S2-strings
00321c08,build_url_ninja_ws_my_votable_titles_put,MEDIUM,"snprintf with the only service format ""%s/ninja/ws/my/votable_titles/!put?shop_id=1&_type=json""; builds the request URL for that endpoint",S2-strings
00321c90,build_url_samurai_ws_ID_coupon_ID_titles,MEDIUM,"snprintf with the only service format ""%s/samurai/ws/%s/coupon/%llu/titles?lang=%s&limit=%u&offset=%u&shop...""; builds the request URL for that endpoint",S2-strings
00321d14,build_url_ninja_ws_my_abandoned_transactions,MEDIUM,"snprintf with the only service format ""%s/ninja/ws/my/abandoned_transactions?tracing_transaction_id=%llu&l...""; builds the request URL for that endpoint",S2-strings
00321d8c,build_url_ninja_ws_my_session_open_without_nna,MEDIUM,"snprintf with the only service format ""%s/ninja/ws/my/session/!open_without_nna""; builds the request URL for that endpoint",S2-strings
003233a8,shop_initialize,MEDIUM,trace log InitializeForShop / Shop::SetApplicationId / SetTin / NeedsSystemUpdate,S2-anchors
00323b68,shop_unregister,MEDIUM,"trace log ""Shop::Unregister();""",S2-anchors
00323c60,shop_start_download_content,MEDIUM,trace logs RegisterTask / StartDownload / Download Content -> Failure/Cancel/SD Error,S2-anchors
00324dd8,shop_download_tickets,MEDIUM,"trace log ""nim::shop::DownloadTickets()""",S2-anchors
00325068,shop_delete_credit_card_on_system_save_data,MEDIUM,"trace log ""Shop::DeleteCreditCardOnSystemSaveData();""",S2-anchors
003251b0,shop_set_country,MEDIUM,"trace log ""Shop::SetCountry(%s);""",S2-anchors
00325cd0,shop_get_balance,MEDIUM,trace logs Shop::GetBalance / Shop::ListBalances,S2-anchors
00325e24,shop_delete_saved_credit_card,MEDIUM,"trace log ""Shop::DeleteSavedCreditCard();""",S2-anchors
0032a1c4,get_uint_at_0x40_0032a1c4,HIGH,single load: return *(uint*)(param_1+0x40),S1-library
00334190,http_set_origin_header,MEDIUM,"passes ""Origin"" with the ninja shop host to the header-add call",S2-anchors
00340cf8,http_set_service_token_header,MEDIUM,adds the X-Nintendo-ServiceToken request header,S2-anchors
003559dc,set_byte_at_0x48,HIGH,single store: *(byte*)(param_1+0x48)=param_2,S1-library
00355a24,set_byte_at_0x50,HIGH,single store: *(byte*)(param_1+0x50)=param_2,S1-library
0036f758,get_char_at_0x328,HIGH,single load: return *(char*)(param_1+0x328),S1-library
0036fb98,get_uint_at_0x12c,HIGH,single load: return *(uint*)(param_1+0x12c),S1-library
0036fba8,get_byte_at_0x2330,HIGH,single load: return *(byte*)(param_1+0x2330),S1-library
0036fbb4,get_byte_at_0x2498_0036fbb4,HIGH,single load: return *(byte*)(param_1+0x2498),S1-library
0036fc24,get_byte_at_0x2350,HIGH,single load: return *(byte*)(param_1+0x2350),S1-library
0036fc30,get_uint_at_0x2358,HIGH,single load: return *(uint*)(param_1+0x2358),S1-library
0036fd00,get_byte_at_0x3898,HIGH,single load: return *(byte*)(param_1+0x3898),S1-library
0036fd94,get_uint_at_0x1f3c,HIGH,single load: return *(uint*)(param_1+0x1f3c),S1-library
0036fda0,get_byte_at_0x1f38,HIGH,single load: return *(byte*)(param_1+0x1f38),S1-library
0036fe0c,get_uint_at_0x3284,HIGH,single load: return *(uint*)(param_1+0x3284),S1-library
0036fe38,get_byte_at_0x2498_0036fe38,HIGH,single load: return *(byte*)(param_1+0x2498),S1-library
0036fe44,get_byte_at_0x1f20_0036fe44,HIGH,single load: return *(byte*)(param_1+0x1f20),S1-library
0036fe50,get_uint_at_0x1f24,HIGH,single load: return *(uint*)(param_1+0x1f24),S1-library
0036fe94,get_uint_at_0x23dc,HIGH,single load: return *(uint*)(param_1+0x23dc),S1-library
0036ff8c,get_byte_at_0x43c,HIGH,single load: return *(byte*)(param_1+0x43c),S1-library
00370178,get_uint_at_0x2334,HIGH,single load: return *(uint*)(param_1+0x2334),S1-library
003704ec,get_char_at_0x4c8,HIGH,single load: return *(char*)(param_1+0x4c8),S1-library
0037073c,get_uint_at_0xcc,HIGH,single load: return *(uint*)(param_1+0xcc),S1-library
00370804,get_uint_at_0xc8,HIGH,single load: return *(uint*)(param_1+0xc8),S1-library
0037080c,get_uint_at_0xd0,HIGH,single load: return *(uint*)(param_1+0xd0),S1-library
00370a30,get_uint_at_0xc4,HIGH,single load: return *(uint*)(param_1+0xc4),S1-library
00370b78,get_uint_at_0x2f64,HIGH,single load: return *(uint*)(param_1+0x2f64),S1-library
003712b0,get_byte_at_0x3c_003712b0,HIGH,single load: return *(byte*)(param_1+0x3c),S1-library
003713b8,get_byte_at_0x1f30,HIGH,single load: return *(byte*)(param_1+0x1f30),S1-library
00374468,get_uint_at_0x1c_00374468,HIGH,single load: return *(uint*)(param_1+0x1c),S1-library
00374ed0,get_uint_at_0x1c_00374ed0,HIGH,single load: return *(uint*)(param_1+0x1c),S1-library
00374ed8,get_uint_at_0x1c_00374ed8,HIGH,single load: return *(uint*)(param_1+0x1c),S1-library
00376fe8,get_uint_at_0x44_00376fe8,HIGH,single load: return *(uint*)(param_1+0x44),S1-library
0037d14c,get_uint_at_0x10_0037d14c,HIGH,single load: return *(uint*)(param_1+0x10),S1-library
0037d308,get_char_at_0x3c6,HIGH,single load: return *(char*)(param_1+0x3c6),S1-library
0037d33c,get_uint_at_0x40_0037d33c,HIGH,single load: return *(uint*)(param_1+0x40),S1-library
0037d344,get_uint_at_0x388,HIGH,single load: return *(uint*)(param_1+0x388),S1-library
0037d3a8,get_char_at_0x3c8,HIGH,single load: return *(char*)(param_1+0x3c8),S1-library
0037d4d8,title_check_locked,MEDIUM,error log naming nn::fs::IsTitleLocked,S2-anchors
0037d564,get_char_at_0x3c7,HIGH,single load: return *(char*)(param_1+0x3c7),S1-library
0037d704,get_uint_at_0x394,HIGH,single load: return *(uint*)(param_1+0x394),S1-library
0037d714,get_byte_at_0x38c,HIGH,single load: return *(byte*)(param_1+0x38c),S1-library
0037d71c,get_byte_at_0x38f,HIGH,single load: return *(byte*)(param_1+0x38f),S1-library
0037d724,get_char_at_0x3ca,HIGH,single load: return *(char*)(param_1+0x3ca),S1-library
0037d744,get_uint_at_0x38_0037d744,HIGH,single load: return *(uint*)(param_1+0x38),S1-library
0037d7e4,get_char_at_0x234,HIGH,single load: return *(char*)(param_1+0x234),S1-library
0037e274,get_uint_at_0x38_0037e274,HIGH,single load: return *(uint*)(param_1+0x38),S1-library
0037e46c,get_ushort_at_0x830,HIGH,single load: return *(ushort*)(param_1+0x830),S1-library
0037e4dc,get_byte_at_0x1db0,HIGH,single load: return *(byte*)(param_1+0x1db0),S1-library
0037e4e8,get_byte_at_0x1dc0,HIGH,single load: return *(byte*)(param_1+0x1dc0),S1-library
0037e4f4,get_byte_at_0x7c1,HIGH,single load: return *(byte*)(param_1+0x7c1),S1-library
0037e538,get_uint_at_0x1f30,HIGH,single load: return *(uint*)(param_1+0x1f30),S1-library
0037e544,get_byte_at_0x1f20_0037e544,HIGH,single load: return *(byte*)(param_1+0x1f20),S1-library
0037e550,get_byte_at_0x206c,HIGH,single load: return *(byte*)(param_1+0x206c),S1-library
0037e55c,get_byte_at_0x20a9,HIGH,single load: return *(byte*)(param_1+0x20a9),S1-library
0037e570,get_ushort_at_0x398,HIGH,single load: return *(ushort*)(param_1+0x398),S1-library
0037ecac,get_uint_at_0x48_0037ecac,HIGH,single load: return *(uint*)(param_1+0x48),S1-library
0037edb8,get_char_at_0x50,HIGH,single load: return *(char*)(param_1+0x50),S1-library
0037f0ec,get_char_at_0x1c8,HIGH,single load: return *(char*)(param_1+0x1c8),S1-library
0037f0f8,get_uint_at_0x1c_0037f0f8,HIGH,single load: return *(uint*)(param_1+0x1c),S1-library
0037f100,get_byte_at_0x24_0037f100,HIGH,single load: return *(byte*)(param_1+0x24),S1-library
0037f108,get_uint_at_0x20_0037f108,HIGH,single load: return *(uint*)(param_1+0x20),S1-library
0037f110,get_uint_at_0x50_0037f110,HIGH,single load: return *(uint*)(param_1+0x50),S1-library
0037f1d0,get_byte_at_0x14,HIGH,single load: return *(byte*)(param_1+0x14),S1-library
0037f230,get_uint_at_0x1c_0037f230,HIGH,single load: return *(uint*)(param_1+0x1c),S1-library
0037f238,get_uint_at_0x20_0037f238,HIGH,single load: return *(uint*)(param_1+0x20),S1-library
0037f264,get_uint_at_0xd4,HIGH,single load: return *(uint*)(param_1+0xd4),S1-library
0037f26c,get_uint_at_0xd8,HIGH,single load: return *(uint*)(param_1+0xd8),S1-library
0037f274,get_uint_at_0x40_0037f274,HIGH,single load: return *(uint*)(param_1+0x40),S1-library
0037f454,get_uint_at_0x10_0037f454,HIGH,single load: return *(uint*)(param_1+0x10),S1-library
0037f48c,get_char_at_0x78,HIGH,single load: return *(char*)(param_1+0x78),S1-library
0037f5d4,get_uint_at_8_0037f5d4,HIGH,single load: return *(uint*)(param_1+8),S1-library
0037f704,get_uint_at_0x20_0037f704,HIGH,single load: return *(uint*)(param_1+0x20),S1-library
0037f70c,get_byte_at_0x24_0037f70c,HIGH,single load: return *(byte*)(param_1+0x24),S1-library
0037f730,get_uint_at_0x48_0037f730,HIGH,single load: return *(uint*)(param_1+0x48),S1-library
0037fa1c,get_uint_at_0x40_0037fa1c,HIGH,single load: return *(uint*)(param_1+0x40),S1-library
0038022c,get_uint_at_0x1c_0038022c,HIGH,single load: return *(uint*)(param_1+0x1c),S1-library
0038024c,get_uint_at_0x38_0038024c,HIGH,single load: return *(uint*)(param_1+0x38),S1-library
00380254,get_uint_at_0x20_00380254,HIGH,single load: return *(uint*)(param_1+0x20),S1-library
0038025c,get_byte_at_0x4c_0038025c,HIGH,single load: return *(byte*)(param_1+0x4c),S1-library
00380264,get_uint_at_0x18_00380264,HIGH,single load: return *(uint*)(param_1+0x18),S1-library
00380348,get_uint_at_0x40_00380348,HIGH,single load: return *(uint*)(param_1+0x40),S1-library
00380350,get_uint_at_0x44_00380350,HIGH,single load: return *(uint*)(param_1+0x44),S1-library
003803dc,get_byte_at_0x48_003803dc,HIGH,single load: return *(byte*)(param_1+0x48),S1-library
00380568,get_byte_at_0x28,HIGH,single load: return *(byte*)(param_1+0x28),S1-library
0038059c,get_uint_at_0x28,HIGH,single load: return *(uint*)(param_1+0x28),S1-library
003805ac,get_uint_at_0x20_003805ac,HIGH,single load: return *(uint*)(param_1+0x20),S1-library
003805e8,get_byte_at_0x10,HIGH,single load: return *(byte*)(param_1+0x10),S1-library
0038060c,get_uint_at_0x14_0038060c,HIGH,single load: return *(uint*)(param_1+0x14),S1-library
003806f0,get_byte_at_0x18_003806f0,HIGH,single load: return *(byte*)(param_1+0x18),S1-library
003807c8,get_uint_at_0x44_003807c8,HIGH,single load: return *(uint*)(param_1+0x44),S1-library
003807d0,get_uint_at_0x40_003807d0,HIGH,single load: return *(uint*)(param_1+0x40),S1-library
003807f8,get_uint_at_0x48_003807f8,HIGH,single load: return *(uint*)(param_1+0x48),S1-library
00380834,get_char_at_0xab,HIGH,single load: return *(char*)(param_1+0xab),S1-library
0038083c,get_uint_at_0x78,HIGH,single load: return *(uint*)(param_1+0x78),S1-library
00380844,get_char_at_0xa8,HIGH,single load: return *(char*)(param_1+0xa8),S1-library
0038084c,get_byte_at_0xb4,HIGH,single load: return *(byte*)(param_1+0xb4),S1-library
00380874,get_uint_at_0xb0,HIGH,single load: return *(uint*)(param_1+0xb0),S1-library
00380888,get_uint_at_0x84,HIGH,single load: return *(uint*)(param_1+0x84),S1-library
0038097c,get_byte_at_0x4c_0038097c,HIGH,single load: return *(byte*)(param_1+0x4c),S1-library
00380a84,get_char_at_0x70,HIGH,single load: return *(char*)(param_1+0x70),S1-library
00380c38,get_uint_at_0x48_00380c38,HIGH,single load: return *(uint*)(param_1+0x48),S1-library
00380c40,get_uint_at_0x44_00380c40,HIGH,single load: return *(uint*)(param_1+0x44),S1-library
00380cb0,get_uint_at_0x50_00380cb0,HIGH,single load: return *(uint*)(param_1+0x50),S1-library
00380cc4,get_uint_at_0x18_00380cc4,HIGH,single load: return *(uint*)(param_1+0x18),S1-library
00380ccc,get_byte_at_0x1c_00380ccc,HIGH,single load: return *(byte*)(param_1+0x1c),S1-library
00380cd4,get_uint_at_4_00380cd4,HIGH,single load: return *(uint*)(param_1+4),S1-library
00380dc0,get_uint_at_4_00380dc0,HIGH,single load: return *(uint*)(param_1+4),S1-library
00380f3c,get_uint_at_0x40_00380f3c,HIGH,single load: return *(uint*)(param_1+0x40),S1-library
00380f44,get_byte_at_0x3c_00380f44,HIGH,single load: return *(byte*)(param_1+0x3c),S1-library
00380f80,get_uint_at_0x2d0,HIGH,single load: return *(uint*)(param_1+0x2d0),S1-library
00380f88,get_uint_at_0x2dc,HIGH,single load: return *(uint*)(param_1+0x2dc),S1-library
00380fb0,get_char_at_0x2e7,HIGH,single load: return *(char*)(param_1+0x2e7),S1-library
00380fbc,get_uint_at_0x2d4,HIGH,single load: return *(uint*)(param_1+0x2d4),S1-library
00381058,get_uint_at_0xc_00381058,HIGH,single load: return *(uint*)(param_1+0xc),S1-library
00381468,get_uint_at_0x10_00381468,HIGH,single load: return *(uint*)(param_1+0x10),S1-library
00381470,get_byte_at_0x18_00381470,HIGH,single load: return *(byte*)(param_1+0x18),S1-library
00381478,get_uint_at_0x14_00381478,HIGH,single load: return *(uint*)(param_1+0x14),S1-library
00381480,get_uint_at_0x18_00381480,HIGH,single load: return *(uint*)(param_1+0x18),S1-library
00381488,get_byte_at_0x1c_00381488,HIGH,single load: return *(byte*)(param_1+0x1c),S1-library
00381528,get_uint_at_0x1848,HIGH,single load: return *(uint*)(param_1+0x1848),S1-library
00381534,get_uint_at_0x182c,HIGH,single load: return *(uint*)(param_1+0x182c),S1-library
0038174c,get_uint_at_0x4268,HIGH,single load: return *(uint*)(param_1+0x4268),S1-library
00381890,get_byte_at_0x48_00381890,HIGH,single load: return *(byte*)(param_1+0x48),S1-library
00381898,get_byte_at_0x50,HIGH,single load: return *(byte*)(param_1+0x50),S1-library
003818e0,get_uint_at_0x40_003818e0,HIGH,single load: return *(uint*)(param_1+0x40),S1-library
00381b08,get_uint_at_0x18_00381b08,HIGH,single load: return *(uint*)(param_1+0x18),S1-library
00381eac,get_uint_at_0x480,HIGH,single load: return *(uint*)(param_1+0x480),S1-library
0038ae7c,init_shop_service_host_urls,MEDIUM,references the samurai/ninja/ccif/eou production host URL strings together (host table initialisation),S2-anchors
